"","master.timestamps","file"
"1",1516290300,3
"2",1516396260,3
"3",1516649640,3
"4",1516738920,3
"5",1516816320,3
"6",1516896540,3
"7",1516995420,3
"8",1517256420,3
"9",1517341500,3
"10",1517411820,3
"11",1517505960,3
"12",1517601900,3
"13",1517851560,3
"14",1517941800,3
"15",1518117900,3
"16",1518210840,3
"17",1518543600,3
"18",1518719820,3
"19",1518812280,3
"20",1519154520,3
"21",1519324260,3
"22",1519414080,3
"23",1519764780,3
"24",1519831560,3
"25",1519926240,3
"26",1520370360,3
"27",1520545440,3
"28",1520610060,3
"29",1520876400,3
"30",1520970840,3
"31",1521146220,3
"32",1521404700,3
"33",1521484500,3
"34",1521493260,3
"35",1521567060,3
"36",1521650160,3
"37",1521741360,3
"38",1521829860,3
"39",1521907020,3
"40",1521998040,3
"41",1522084380,3
"42",1522172580,3
"43",1522258380,3
"44",1522347000,3
"45",1522426800,3
"46",1522510260,3
"47",1522596900,3
"48",1522692720,3
"49",1522776540,3
"50",1522861920,3
"51",1522958220,3
"52",1523031720,3
"53",1523114460,3
"54",1523208420,3
"55",1523303160,3
"56",1523376540,3
"57",1523465160,3
"58",1523551740,3
"59",1523639940,3
"60",1523722380,3
"61",1523809380,3
"62",1523908260,3
"63",1523986860,3
"64",1524070200,3
"65",1524160440,3
"66",1524244920,3
"67",1524333060,3
"68",1524412380,3
"69",1524506400,3
"70",1524592080,3
"71",1524674640,3
"72",1524759480,3
"73",1524853980,3
"74",1524933960,3
"75",1525017000,3
"76",1525117620,3
"77",1525192800,3
"78",1525276020,3
"79",1525365600,3
"80",1525452720,3
"81",1525539360,3
"82",1525621440,3
"83",1525711740,3
"84",1525801080,3
"85",1525883760,3
"86",1525932060,3
"87",1526055420,3
"88",1526143080,3
"89",1526229420,3
"90",1526314980,3
"91",1526399820,3
"92",1526497320,3
"93",1526572320,3
"94",1526666700,3
"95",1526745600,3
"96",1526829000,3
"97",1526919780,3
"98",1527009960,3
"99",1527097380,3
"100",1527182100,3
"101",1527269820,3
"102",1527347760,3
"103",1527436740,3
"104",1527523020,3
"105",1527615420,3
"106",1527703200,3
"107",1527786720,3
"108",1527873360,3
"109",1527961620,3
"110",1528041720,3
"111",1528130160,3
"112",1528216740,3
"113",1528304820,3
"114",1528381380,3
"115",1528487400,3
"116",1528555920,3
"117",1528635540,3
"118",1528750920,3
"119",1528810080,3
"120",1528822200,3
"121",1528908000,3
"122",1528908060,3
"123",1528918140,3
"124",1528989360,3
"125",1529092560,3
"126",1529178240,3
"127",1529262960,3
"128",1529351280,2
"129",1529436180,2
"130",1529441100,2
"131",1529501160,2
"132",1529608380,2
"133",1529671500,2
"134",1529775540,2
"135",1529858640,2
"136",1529950500,2
"137",1530039780,2
"138",1530102780,2
"139",1530215460,2
"140",1530277140,2
"141",1530364680,2
"142",1530469680,2
"143",1530558180,2
"144",1530630000,2
"145",1530732300,2
"146",1530796560,2
"147",1530894720,2
"148",1530977520,2
"149",1531073400,2
"150",1531164120,2
"151",1531229220,2
"152",1531329420,2
"153",1531399500,2
"154",1531506780,2
"155",1531597980,2
"156",1531661100,2
"157",1531746000,2
"158",1531831620,2
"159",1531923060,2
"160",1532006520,2
"161",1532115660,2
"162",1532189820,2
"163",1532284620,2
"164",1532374620,2
"165",1532439240,2
"166",1532527140,2
"167",1532614140,2
"168",1532671200,2
"169",1532784420,2
"170",1532885880,2
"171",1532954400,2
"172",1533046140,2
"173",1533216060,2
"174",1533308580,2
"175",1533410280,2
"176",1533486300,2
"177",1533561420,2
"178",1533650880,2
"179",1533731820,2
"180",1533821220,2
"181",1533928980,2
"182",1534001100,2
"183",1534101360,2
"184",1534189200,2
"185",1534252980,2
"186",1534356120,2
"187",1534431720,2
"188",1534512780,2
"189",1534704000,2
"190",1534770120,2
"191",1534868880,2
"192",1534945200,2
"193",1535035200,2
"194",1535138040,2
"195",1535215680,2
"196",1535309640,2
"197",1535379900,2
"198",1535464620,2
"199",1535562300,2
"200",1535658240,2
"201",1535744700,2
"202",1535821320,2
"203",1535896740,2
"204",1535978880,2
"205",1536090840,2
"206",1536171840,2
"207",1536262680,2
"208",1536339480,2
"209",1536435480,2
"210",1536499560,2
"211",1536585240,2
"212",1536692640,2
"213",1536781260,2
"214",1536865680,2
"215",1536952200,2
"216",1537025880,2
"217",1537115100,2
"218",1537216020,2
"219",1537298520,2
"220",1537387320,2
"221",1537473360,2
"222",1537555920,2
"223",1537637880,2
"224",1537720200,2
"225",1537817820,2
"226",1537904940,2
"227",1537983180,2
"228",1538079840,2
"229",1538163780,2
"230",1538250000,2
"231",1538337420,2
"232",1538427420,2
"233",1538512080,2
"234",1538598360,2
"235",1538680980,2
"236",1538748720,2
"237",1538855880,2
"238",1538936700,2
"239",1539030540,2
"240",1539091200,2
"241",1539179520,2
"242",1539288300,2
"243",1539363840,2
"244",1539443280,2
"245",1539545880,2
"246",1539627660,2
"247",1539713520,2
"248",1539808200,2
"249",1539875700,2
"250",1539955860,2
"251",1540069440,2
"252",1540139640,2
"253",1540228200,2
"254",1540320180,2
"255",1540396020,2
"256",1540480740,2
"257",1540559160,2
"258",1540644240,2
"259",1540735320,2
"260",1540816920,2
"261",1540908840,2
"262",1540993560,2
"263",1541088240,2
"264",1541162640,2
"265",1541272680,2
"266",1541342160,2
"267",1541455440,2
"268",1541513100,2
"269",1541600940,2
"270",1541707680,2
"271",1541779620,2
"272",1541856960,2
"273",1541971920,2
"274",1542046080,2
"275",1542122580,2
"276",1542227280,2
"277",1542319440,2
"278",1542384300,2
"279",1542464520,2
"280",1542564780,2
"281",1542648000,2
"282",1542720900,2
"283",1542807660,2
"284",1542913380,2
"285",1542997140,2
"286",1543075980,2
"287",1543183440,2
"288",1543263660,2
"289",1543336740,2
"290",1543443060,2
"291",1543504200,2
"292",1543602060,2
"293",1543699260,2
"294",1543758000,2
"295",1543849380,2
"296",1543950780,2
"297",1544026500,2
"298",1544121180,2
"299",1544206800,2
"300",1544286600,2
"301",1544363220,2
"302",1544479500,2
"303",1544543100,2
"304",1544635500,2
"305",1544708160,2
"306",1544821560,2
"307",1544887980,2
"308",1544995320,2
"309",1545054180,2
"310",1545152820,2
"311",1545238980,2
"312",1545343740,3
"313",1545426540,3
"314",1545509220,3
"315",1545578040,3
"316",1545674520,3
"317",1545761100,3
"318",1545855120,3
"319",1545948300,3
"320",1546017120,3
"321",1546114140,3
"322",1546203840,3
"323",1546266240,3
"324",1546374300,3
"325",1546438620,3
"326",1546532580,3
"327",1546636200,3
"328",1546722840,3
"329",1546791660,3
"330",1546885800,2
"331",1546976340,3
"332",1547048220,3
"333",1547130000,3
"334",1547234640,3
"335",1547317260,3
"336",1547386800,3
"337",1547473440,3
"338",1547572620,3
"339",1547656620,3
"340",1547738880,3
"341",1547839140,3
"342",1547915640,3
"343",1548000720,3
"344",1548078000,3
"345",1548174540,3
"346",1548278100,3
"347",1548336960,3
"348",1548433620,3
"349",1548510300,3
"350",1548626760,3
"351",1548698760,3
"352",1548795900,3
"353",1548868320,3
"354",1548943800,3
"355",1549047180,3
"356",1549141920,3
"357",1549213380,3
"358",1549318080,3
"359",1549404240,3
"360",1549470180,3
"361",1549549260,3
"362",1549654440,3
"363",1549740600,3
"364",1549818540,3
"365",1549916280,3
"366",1550010660,3
"367",1550081220,3
"368",1550154540,3
"369",1550242380,3
"370",1550349000,3
"371",1550416800,3
"372",1550517240,3
"373",1550608320,3
"374",1550673180,3
"375",1550780640,3
"376",1550862240,3
"377",1550941380,3
"378",1551029640,3
"379",1551111780,3
"380",1551194880,3
"381",1551265920,3
"382",1551374040,3
"383",1551471900,3
"384",1551547560,3
"385",1551621000,3
"386",1551723120,3
"387",1551801120,3
"388",1551902880,3
"389",1551968340,3
"390",1552054140,3
"391",1552169040,3
"392",1552232880,3
"393",1552322820,2
"394",1552407600,2
"395",1552487520,2
"396",1552567500,2
"397",1552659480,2
"398",1552763340,2
"399",1552829400,2
"400",1552940220,2
"401",1553001240,2
"402",1553105400,2
"403",1553174940,2
"404",1553278080,2
"405",1553368440,2
"406",1553431620,2
"407",1553538960,2
"408",1553721000,2
"409",1553782680,2
"410",1553876460,2
"411",1553969100,2
"412",1554046800,2
"413",1554127980,2
"414",1554216060,2
"415",1554297180,2
"416",1554381120,3
"417",1554394500,3
"418",1554491820,3
"419",1554573840,3
"420",1554671100,3
"421",1554754080,3
"422",1554834120,3
"423",1554924240,3
"424",1555016700,3
"425",1555078980,3
"426",1555165860,3
"427",1555276080,3
"428",1555349100,3
"429",1555431420,3
"430",1555522560,3
"431",1555591380,3
"432",1555689000,3
"433",1555783560,3
"434",1555856280,3
"435",1555964460,3
"436",1556033040,3
"437",1556147460,3
"438",1556212380,3
"439",1556312580,3
"440",1556385060,3
"441",1556476440,3
"442",1556565540,3
"443",1556643840,3
"444",1556731320,3
"445",1556817960,3
"446",1556896800,3
"447",1557003540,3
"448",1557079980,3
"449",1557155700,3
"450",1557259920,3
"451",1557335460,3
"452",1557427020,3
"453",1557516060,3
"454",1557584940,3
"455",1557688800,3
"456",1557757860,3
"457",1557861900,3
"458",1557954240,3
"459",1558023780,3
"460",1558114380,3
"461",1558189680,3
"462",1558289160,3
"463",1558383420,3
"464",1558455360,3
"465",1558553340,3
"466",1558631760,3
"467",1558730460,3
"468",1558814640,3
"469",1558893900,3
"470",1558985880,3
"471",1559066880,3
"472",1559139000,3
"473",1559246700,3
"474",1559313360,3
"475",1559417940,3
"476",1559499600,3
"477",1559592960,3
"478",1559665620,3
"479",1559741640,3
"480",1559827020,3
"481",1559910600,3
"482",1560024960,3
"483",1560104160,3
"484",1560183000,3
"485",1560284520,3
"486",1560373560,3
"487",1560435180,3
"488",1560535500,3
"489",1560610860,3
"490",1560698280,3
"491",1560787920,3
"492",1560868740,3
"493",1560947700,3
"494",1561063680,3
"495",1561145760,3
"496",1561226700,3
"497",1561293240,3
"498",1561383480,3
"499",1561395180,3
"500",1561402620,3
"501",1561470420,3
"502",1561481940,3
"503",1561489320,3
"504",1561555200,3
"505",1561642680,3
"506",1561655040,3
"507",1561663080,3
"508",1561728420,3
"509",1561741680,3
"510",1561749300,3
"511",1561842360,3
"512",1561900980,3
"513",1561988520,3
"514",1562000520,3
"515",1562007780,3
"516",1562073720,3
"517",1562087220,3
"518",1562094000,3
"519",1562170680,3
"520",1562261100,3
"521",1562332020,3
"522",1562443560,3
"523",1562513100,3
"524",1562592900,3
"525",1562605380,3
"526",1562612880,3
"527",1562702760,3
"528",1562765580,3
"529",1562778480,3
"530",1562785020,3
"531",1562851920,3
"532",1562864280,3
"533",1562871360,3
"534",1562938140,3
"535",1562950800,3
"536",1562958000,3
"537",1563034860,3
"538",1563111300,3
"539",1563123900,3
"540",1563131040,3
"541",1563197700,3
"542",1563210180,3
"543",1563217200,3
"544",1563281040,3
"545",1563368940,3
"546",1563456540,3
"547",1563469560,3
"548",1563476520,3
"549",1563563700,3
"550",1563629280,3
"551",1563642540,3
"552",1563649500,3
"553",1563712980,3
"554",1563802020,3
"555",1563814620,3
"556",1563821940,3
"557",1563888420,3
"558",1563900900,3
"559",1563908040,3
"560",1563977100,3
"561",1563987240,3
"562",1563994620,3
"563",1564062120,3
"564",1564073460,3
"565",1564081320,3
"566",1564154220,3
"567",1564255080,3
"568",1564317600,3
"569",1564407300,3
"570",1564419780,3
"571",1564426380,3
"572",1564493640,3
"573",1564505700,3
"574",1564513680,3
"575",1564579920,3
"576",1564592400,3
"577",1564599660,3
"578",1564666680,3
"579",1564678740,3
"580",1564686540,3
"581",1564772880,3
"582",1564858680,3
"583",1564950060,3
"584",1565022120,3
"585",1565102340,3
"586",1565197740,3
"587",1565327400,3
"588",1565331240,3
"589",1565420760,3
"590",1565544840,3
"591",1565637120,3
"592",1565705160,3
"593",1565793240,3
"594",1565875200,3
"595",1565966100,3
"596",1566075960,3
"597",1566145140,3
"598",1566231120,3
"599",1566314220,3
"600",1566407520,3
"601",1566504960,3
"602",1566566880,3
"603",1566659400,3
"604",1566736200,3
"605",1566851580,3
"606",1566911520,3
"607",1566998040,3
"608",1567094820,3
"609",1567168680,3
"610",1567254660,3
"611",1567354080,3
"612",1567452540,3
"613",1567520460,3
"614",1567625400,3
"615",1567708800,3
"616",1567781100,3
"617",1567873020,3
"618",1567952640,3
"619",1568038680,3
"620",1568122320,3
"621",1568261640,3
"622",1568315820,3
"623",1568363040,3
"624",1568491320,3
"625",1568564220,3
"626",1568639760,3
"627",1568729700,3
"628",1568817060,3
"629",1568896260,3
"630",1568990460,3
"631",1569099780,3
"632",1569168660,3
"633",1569249060,3
"634",1569329940,3
"635",1569422040,3
"636",1569515040,3
"637",1569616560,3
"638",1569697620,3
"639",1569791340,3
"640",1569871140,3
"641",1569937620,3
"642",1570040520,3
"643",1570110060,3
"644",1570205280,3
"645",1570291980,3
"646",1570395900,3
"647",1570478820,3
"648",1570538520,3
"649",1570637040,3
"650",1570734360,3
"651",1570825500,3
"652",1570886040,3
"653",1570997880,3
"654",1571056620,3
"655",1571159820,3
"656",1571246100,3
"657",1571340120,3
"658",1571425620,3
"659",1571509560,3
"660",1571586840,3
"661",1571702640,3
"662",1571747820,3
"663",1571855580,3
"664",1571947560,3
"665",1572023460,3
"666",1572120660,3
"667",1572193680,3
"668",1572295260,3
"669",1572353460,3
"670",1572444360,3
"671",1572529320,3
"672",1572627840,3
"673",1572711660,3
"674",1572798300,3
"675",1572892080,3
"676",1572980940,3
"677",1573065960,3
"678",1573151040,3
"679",1573228380,3
"680",1573323660,3
"681",1573423500,3
"682",1573503060,3
"683",1573589100,3
"684",1573661520,3
"685",1573755600,3
"686",1573834920,3
"687",1573915140,3
"688",1574025000,3
"689",1574102160,3
"690",1574174280,3
"691",1574257500,3
"692",1574347320,3
"693",1574442540,3
"694",1574543460,3
"695",1574628000,3
"696",1574699160,3
"697",1574806200,3
"698",1574879400,3
"699",1574967840,3
"700",1575034320,3
"701",1575144660,3
"702",1575228240,3
"703",1575320580,3
"704",1575380400,3
"705",1575470400,3
"706",1575559980,3
"707",1575667380,3
"708",1575742500,3
"709",1575821100,3
"710",1575922560,3
"711",1575984840,3
"712",1576075320,3
"713",1576185180,3
"714",1576254000,3
"715",1576354680,3
"716",1576443960,3
"717",1576505580,3
"718",1576614720,3
"719",1576697580,3
"720",1576772700,3
"721",1576862580,3
"722",1576952580,3
"723",1577031180,3
"724",1577114640,3
"725",1577193900,3
"726",1577305020,3
"727",1577391120,3
"728",1577463360,3
"729",1577540940,3
"730",1577638380,3
"731",1577719260,3
"732",1577812440,3
"733",1577887320,3
"734",1577991720,3
"735",1578082260,3
"736",1578168960,3
"737",1578255420,3
"738",1578347460,3
"739",1578408120,3
"740",1578506880,3
"741",1578589800,3
"742",1578683160,3
"743",1578767700,3
"744",1578852240,3
"745",1578945840,3
"746",1579036620,3
"747",1579104780,3
"748",1579184520,3
"749",1579270800,3
"750",1579353480,3
"751",1579466220,3
"752",1579531500,3
"753",1579635480,3
"754",1579727280,3
"755",1579815120,3
"756",1579873080,3
"757",1579969260,3
"758",1580060280,3
"759",1580142240,3
"760",1580238780,3
"761",1580329980,3
"762",1580421600,3
"763",1580484240,3
"764",1580577660,3
"765",1580667540,3
"766",1580754060,3
"767",1580854140,3
"768",1580934420,3
"769",1581016020,3
"770",1581087900,3
"771",1581185700,3
"772",1581266640,3
"773",1581368040,3
"774",1581458640,3
"775",1581532260,3
"776",1581627960,3
"777",1581712140,3
